[
  {
    "codigo": 1001,
    "nombreModelo": "AirPure S1",
    "categoria": "AMBIENTAL",
    "consumoWatts": 35,
    "anioFabricacion": 2023
  },
  {
    "codigo": 1004,
    "nombreModelo": "AirPure X2",
    "categoria": "AMBIENTAL",
    "consumoWatts": 28,
    "anioFabricacion": 2022
  },
  {
    "codigo": 1002,
    "nombreModelo": "AssistGo Mini",
    "categoria": "ASISTENCIA",
    "consumoWatts": 50,
    "anioFabricacion": 2019
  },
  {
    "codigo": 1005,
    "nombreModelo": "AssistGo Pro",
    "categoria": "ASISTENCIA",
    "consumoWatts": 60,
    "anioFabricacion": 2020
  },
  {
    "codigo": 1006,
    "nombreModelo": "SafeWatch L3",
    "categoria": "SEGURIDAD",
    "consumoWatts": 33,
    "anioFabricacion": 2024
  },
  {
    "codigo": 1003,
    "nombreModelo": "SecureHome A7",
    "categoria": "SEGURIDAD",
    "consumoWatts": 42,
    "anioFabricacion": 2021
  }
]
